Full_Name,First_Name,Last_Name,Employee_Title,Email,Company,Website,Company_Number,Address,City,State,Zip_Code,Employee_Size,Annual_Revenue,SIC_Code,Tech_Stack,Contact_ID,Email_Validation,Date_Email_Verified,Email_MD5,Personal_linkedin,Direct_Dial,Estimated_Email_Deliverability,Industry,Facebook,LinkedIn,Twitter,Instagram,Youtube
Alex Day,Alex,Day,Director of Sales - Central,alex.day@zywave.com,Zywave,zywave.com,+18664999283,"Suite 300 Milwaukee, WI 53226",Milwaukee,WI,"=""53226""",350,6411000000,6411,"[""CloudFlare"",""FancyBox"",""Google Analytics"",""Google Maps"",""Google Tag Manager"",""Marketo"",""Nginx"",""WP Engine"",""WordPress"",""jQuery"",""jQuery Migrate""]",45175119,catchall,N/A,ad6b73607e66c10133c5b606f4d4147d,N/A,N/A,85%,Insurance Agents: Brokers: and Service,https://facebook.com/zywave,https://linkedin.com/company/zywave,https://twitter.com/zywave,N/A,https://youtube.com/channel/ucph1yelctiifovfkjpyi5mw
Andrew Vollmer,Andrew,Vollmer,Director of Sales,avollmer@voldico.com,Voldico,voldico.com,+13178845055,"420 South Buckeye, Suite 100 Osgood, Indiana 47037",unknown city,unknown state,"=""47037""",125,6411000000,6411,"[""Apache"",""Google Analytics"",""LiveChat"",""Modernizr"",""Plesk"",""jQuery""]",39967724,catchall,N/A,2df1dc0bd6dff97902ceeec0f68a482b,N/A,N/A,85%,Insurance Agents: Brokers: and Service,https://facebook.com/voldico,https://linkedin.com/company/3212271,https://twitter.com/voldico,N/A,N/A
Ben Adams,Ben,Adams,Chief Financial Officer,badams@innovage.com,Innovage,innovage.com,'+1 844-830-0358,8950 East Lowry Boulevard, Denver,CO  ,"=""80230""",1200,699000000,N/A,"[""Outlook"",""Microsoft Office 365"",""Microsoft Azure Hosting"",""Microsoft Application Insights"",""The Trade Desk"",""iCIMS"",""Vimeo"",""New Relic"",""ASP.NET"",""Mobile Friendly"",""Hotjar"",""Google Dynamic Remarketing"",""Google Tag Manager"",""Google Font API"",""AdRoll"",""CallRail"",""Facebook Login (Connect)"",""Adobe Media Optimizer"",""CrazyEgg"",""Bing Ads"",""DoubleClick"",""Facebook Widget"",""Microsoft-IIS"",""DoubleClick Conversion"",""Cedexis Radar"",""YouTube"",""Google Analytics"",""Nginx"",""DoubleClick Floodlight"",""Multilingual"",""Facebook Custom Audiences"",""Simpli.fi"",""reCAPTCHA"",""Remote"",""AI""]",46777603,catchall,N/A,f8ddf182550e373c28864005857376ae,http://www.linkedin.com/in/ben-adams-a2713950,N/A,85%,N/A,N/A,N/A,N/A,N/A,N/A
Bob Miller,Bob,Miller,"Director, Sales",bmiller@uct.org,Uctinaction,uct.org,+18008480123,N/A,Columbus,OH,N/A,125,6311000000,6311,"[""AddToAny"",""CloudFlare"",""Facebook"",""Google Analytics"",""Nginx"",""Twitter Emoji (Twemoji)"",""WP Engine"",""WordPress"",""jQuery"",""jQuery Migrate"",""jQuery UI"",""reCAPTCHA""]",40758506,catchall,N/A,fbca439242b05b2295a36af477eea524,N/A,N/A,85%,Life Insurance,https://facebook.com/uctinaction,N/A,N/A,N/A,N/A
Barry Newman,Barry,Newman,Regional Sales Director,bnewman@ameritas.com,Ameritas Life,ameritas.com,+14024676970,"1876 Waycross Rd. Cincinnati, OH 45240",Bethesda,MD,"=""45240""",30,3877000000,6311,"[""CloudFlare"",""Font Awesome"",""Google Font API"",""Google Tag Manager"",""Ruxit"",""WordPress"",""animate.css"",""jQuery"",""jQuery Migrate""]",41100661,catchall,N/A,d5aaedcd99069bb4022f7a76b10b31a3,N/A,N/A,85%,Life Insurance,https://facebook.com/ameritas,https://linkedin.com/company/ameritas,https://twitter.com/ameritas,https://instagram.com/ameritaslife,N/A
Bob Cogan,Bob,Cogan,"Regional Sales Director, New England ...",bob.cogan@trustmarksolutions.com,Trustmark,trustmarksolutions.com,+12622416106,N/A,unknown city,unknown state,N/A,3000,6411000000,6411,[],44412186,catchall,N/A,cbc83d1149e8eab25be215416b048219,N/A,N/A,85%,Insurance Agents: Brokers: and Service,https://facebook.com/trustmark,https://linkedin.com/company/trustmark-voluntary-benefit-solutions,https://twitter.com/trustmarkvb,N/A,https://youtube.com/channel/ucshrwd9yvsfnilqfknsl8lg
Brent Simmons,Brent,Simmons,Regional Sales Director,brent.simmons@trustmarksolutions.com,Trustmark,trustmarksolutions.com,+12622416106,N/A,unknown city,unknown state,N/A,3000,6411000000,6411,[],44412181,catchall,N/A,a51391136aa8a9c640b5de09013e6a63,N/A,N/A,85%,Insurance Agents: Brokers: and Service,https://facebook.com/trustmark,https://linkedin.com/company/trustmark-voluntary-benefit-solutions,https://twitter.com/trustmarkvb,N/A,https://youtube.com/channel/ucshrwd9yvsfnilqfknsl8lg
Dan Lazuta,Dan,Lazuta,VP Sales,dlazuta@acuity-vct.com,Acuity-vct,acuity-vct.com,+14408088970,N/A,Cleveland,OH,N/A,750,6331000000,6331,"[""Apache"",""CloudFlare"",""Font Awesome"",""Google Font API"",""Modernizr"",""Revslider"",""Twitter Emoji (Twemoji)"",""WordPress"",""jQuery"",""jQuery Migrate"",""jQuery UI""]",39291930,valid,8/18/2023,9acaa4e3319f5116d22e596b8442205b,N/A,N/A,97%,Fire: Marine: and Casualty Insurance,N/A,N/A,N/A,N/A,N/A
Drew Luzi,Drew,Luzi,Director of Sales Enablement,drew.luzi@zywave.com,Zywave,zywave.com,+18664999283,"Suite 300 Milwaukee, WI 53226",Milwaukee,WI,"=""53226""",350,6411000000,6411,"[""CloudFlare"",""FancyBox"",""Google Analytics"",""Google Maps"",""Google Tag Manager"",""Marketo"",""Nginx"",""WP Engine"",""WordPress"",""jQuery"",""jQuery Migrate""]",45175116,catchall,N/A,54507e5ebe2f180715f669e4c960dd6f,N/A,N/A,85%,Insurance Agents: Brokers: and Service,https://facebook.com/zywave,https://linkedin.com/company/zywave,https://twitter.com/zywave,N/A,https://youtube.com/channel/ucph1yelctiifovfkjpyi5mw
Fran Graham,Fran,Graham,Director of Sales,fran.graham@summitholdings.com,Bridgefield Employers,summitholdings.com,N/A,N/A,Lakeland,FL,N/A,5,6498000000,6411,"[""Incapsula"",""Java"",""Java Servlet"",""Zone.js"",""webpack""]",37281171,catchall,N/A,dd5450987e02854d61bb299e768f3d5b,N/A,N/A,85%,Insurance Agents: Brokers: and Service,N/A,N/A,N/A,N/A,N/A
Greg Mccormick,Greg,Mccormick,National Sales Director,greg.mccormick@insourcemg.com,Insource,insourcemg.com,+19529946265,N/A,Indianapolis,IN,N/A,125,6411000000,6411,"[""Apache"",""Font Awesome"",""Google Analytics"",""Google Font API"",""Twitter Emoji (Twemoji)"",""WordPress"",""Yoast SEO"",""jQuery"",""jQuery Migrate""]",43156223,catchall,N/A,46a5df7c46f6fb984a8cef0cc553f34a,N/A,N/A,85%,Insurance Agents: Brokers: and Service,N/A,https://linkedin.com/company/insource-inc,https://twitter.com/insourcemg,N/A,https://youtube.com/channel/uc8dvs8vwtf3lxm5fcxpuvqg
Matthew J. Haywood,Matthew,Haywood,Director of Sales (emea,haywood@matsock.net,John J. Matsock And,matsock.net,+16305057888,N/A,Naperville,IL,N/A,30,6411000000,6411,"[""Backbone.js"",""Bootstrap"",""Google Maps"",""Hammer.js"",""Nginx"",""PHP"",""Revslider"",""Twitter Emoji (Twemoji)"",""Ubuntu"",""Underscore.js"",""WordPress"",""jQuery"",""jQuery Migrate"",""jQuery UI"",""prettyPhoto"",""reCAPTCHA""]",37552307,catchall,N/A,8193f5e547139444e38617070bda2151,N/A,N/A,85%,Insurance Agents: Brokers: and Service,https://facebook.com/matsockinsurance,https://linkedin.com/company/matsock-insurance-and-financial-services,https://twitter.com/matsockins,N/A,https://youtube.com/channel/ucjiw0dnapx9io8rjwrmsbew/videos
Joe Welsch,Joe,Welsch,VP of Marketing & Public Relations,jwelsch@nodakmutual.com,Nodak,nodakmutual.com,+12027202600,"1101 1st Ave N Fargo, ND 58102",Fargo,ND,"=""58102""",125,6331000000,6331,"[""Apache"",""Bootstrap"",""Google Analytics"",""Google Font API"",""Google Tag Manager"",""PHP"",""Zend"",""jQuery""]",40745285,valid,8/18/2023,3985c4d9882ff7ef50d6ea7749e8510b,N/A,N/A,97%,Fire: Marine: and Casualty Insurance,https://facebook.com/nodakinsurance,https://linkedin.com/company/nodakinsurancecompany/,https://twitter.com/nodakinsurance,https://instagram.com/nodak_insurance,https://youtube.com/channel/ucvxqid6zawfx2_ifu0lxj1g
Kevin Corcoran,Kevin,Corcoran,Regional Sales Director,kevin.corcoran@pacificsource.com,Pacificsource,pacificsource.com,+18448774803,N/A,Portland,OR,N/A,750,6411000000,6411,"[""Font Awesome"",""Google Analytics"",""Google Font API"",""Google Tag Manager"",""Microsoft ASP.NET"",""jQuery""]",39831466,catchall,N/A,69067d3f8ff991a86fc78f30575712ad,N/A,N/A,85%,Insurance Agents: Brokers: and Service,https://facebook.com/pacificsource,https://linkedin.com/company/pacificsource-health-plans,https://twitter.com/pacificsource,N/A,https://youtube.com/user/pacificsource
Kate Mulvey,Kate,Mulvey,"Regional Sales Manager, Assistant Vice President",kmulvey@usli.com,Usli,usli.com,+18888755231,"1190 Devon Park Drive Wayne, PA 190871190 Devon Park Drive PO Box 6700 Wayne, PA 19087",Wayne,PA,"=""19087""",750,6331000000,6331,"[""Bootstrap"",""Font Awesome"",""Google Analytics"",""Google Font API"",""Twitter"",""jQuery""]",38740354,valid,8/18/2023,12399e38de6150a3275acb76cc0a5ab4,N/A,N/A,97%,Fire: Marine: and Casualty Insurance,https://facebook.com/usli150,https://linkedin.com/company/usli,https://twitter.com/usli150,N/A,N/A
Lance Epstein,Lance,Epstein,Regional Sales Director,lance.epstein@trustmarksolutions.com,Trustmark,trustmarksolutions.com,+12622416106,N/A,unknown city,unknown state,N/A,3000,6411000000,6411,[],44412183,catchall,N/A,25e3454499b2e67552667920a008b4ed,N/A,N/A,85%,Insurance Agents: Brokers: and Service,https://facebook.com/trustmark,https://linkedin.com/company/trustmark-voluntary-benefit-solutions,https://twitter.com/trustmarkvb,N/A,https://youtube.com/channel/ucshrwd9yvsfnilqfknsl8lg
Laurie Wolbart,Laurie,Wolbart,Regional Sales Director,lwolbart@lisibroker.com,Lisi,lisibroker.com,+19512376662,"600 B Street, Suite 300 San Diego, CA 92101",San Mateo,CA,"=""92101""",75,119000000,6411,"[""Acquia Cloud"",""Bootstrap"",""Drupal"",""Font Awesome"",""Google Analytics"",""Google Tag Manager"",""Java"",""List.js"",""New Relic"",""Nginx"",""Varnish"",""jQuery""]",37077549,valid,5/8/2024,811d89ba06fd7c9c9ddc327ad2182c7f,N/A,N/A,97%,Insurance Agents: Brokers: and Service,https://facebook.com/lisiinc,https://linkedin.com/company/lisi,https://twitter.com/lisibroker,https://instagram.com/lisibroker,https://youtube.com/channel/ucqhx6lff3xjnngd7qtgqraq
Maria Fisher,Maria,Fisher,Sales Director,maria.fisher@voya.com,Voya,voya.com,+18888545950,"230 Park Avenue New York, NY 10169",unknown city,unknown state,"=""10169""",7500,6411000000,6411,"[""Acquia Cloud"",""CloudFlare"",""Drupal"",""Google Analytics"",""Google Tag Manager"",""Modernizr"",""RequireJS"",""Varnish"",""Visual Website Optimizer"",""jQuery"",""jQuery Migrate""]",44029731,valid,10/31/2024,24c489b418f930fa39eddd34886effde,N/A,N/A,97%,Insurance Agents: Brokers: and Service,https://facebook.com/pages/voya/215714485107840,https://linkedin.com/company/voya,https://twitter.com/voya,https://instagram.com/voya,https://youtube.com/channel/ucbwnajd8kl_rqoztp0mvxtw
Matthew Cruth,Matthew,Cruth,Regional Sales Director,matthew.cruth@trustmarksolutions.com,Trustmark,trustmarksolutions.com,+12622416106,N/A,unknown city,unknown state,N/A,3000,6411000000,6411,[],44412182,catchall,N/A,40626e9d48fae4142c4e28d24cdd95b4,N/A,N/A,85%,Insurance Agents: Brokers: and Service,https://facebook.com/trustmark,https://linkedin.com/company/trustmark-voluntary-benefit-solutions,https://twitter.com/trustmarkvb,N/A,https://youtube.com/channel/ucshrwd9yvsfnilqfknsl8lg
Mercedes Mambru,Mercedes,Mambru,Chief Financial Officer,mercedes.mambru@1199funds.org,1199seiu Benefit And Pension Funds,1199funds.org,'+1 646-473-9200,98 7th Ave, New York,NY  ,"="" 10011-6646""",850,275139000,N/A,"[""DNS Made Easy"",""Taleo"",""WP Engine"",""Zendesk"",""Google Maps"",""Google Analytics"",""Cedexis Radar"",""Google Play"",""YouTube"",""iCIMS"",""WordPress.org"",""Mobile Friendly"",""Google Maps (Non Paid Users)"",""Google Font API"",""Google AdSense"",""Adobe Media Optimizer"",""Vimeo"",""Google Tag Manager"",""New Relic"",""DNS Made Easy"",""Taleo"",""WP Engine"",""Zendesk"",""Google Analytics"",""Google Font API"",""WordPress.org"",""Mobile Friendly"",""New Relic"",""Google Maps"",""Google Maps (Non Paid Users)"",""Vimeo"",""YouTube"",""Google Tag Manager"",""Google Play"",""iCIMS"",""Google AdSense""]",46777607,catchall,N/A,d11f97a580d82812cbf8675d060a007f,http://www.linkedin.com/in/mercedes-mambru-3542a321,N/A,85%,N/A,N/A,N/A,N/A,N/A,N/A
Mike Jones,Mike,Jones,Director of National Political Sales,mike.jones@wtok.com,Wtok,wtok.com,+16017032138,"815 23rd Ave Meridian, Ms. 39301",Meridian,MS,"=""39301""",30,6411000000,6411,[],41827805,catchall,N/A,5a41615bc51d30435e7861489f49f7f9,N/A,N/A,85%,Insurance Agents: Brokers: and Service,https://facebook.com/wtoktv,N/A,https://twitter.com/wtoktv,N/A,N/A
Martin Mendoza,Martin,Mendoza,"Vice President, Construction",mmendoza@williamshomes.com,Williams Homes,williamshomes.com,+18056315876,N/A,Santa Clarita,CA,N/A,5,6331000000,6331,[],36357349,valid,5/8/2023,d5a9c4cb76e106279ae1140fce4f5486,N/A,N/A,97%,Fire: Marine: and Casualty Insurance,https://facebook.com/williams-homes-inc-125199970894390,N/A,https://twitter.com/williams_homes,https://instagram.com/williamshomes,https://youtube.com/user/williamshomesinc
Ned Browne,Ned,Browne,Senior Vice President & Chief Marketing Officer,nbrowne@xbllc.com,Xchange Group,xbllc.com,+19144377359,"7550 S. Meridian Street, Suite B, Indianapolis, IN 46217",White Plains,NY,"=""46217""",5,6321000000,6321,"[""Apache"",""Google Font API"",""Java"",""PHP"",""Revslider"",""Twitter Emoji (Twemoji)"",""WordPress"",""Yoast SEO"",""jQuery"",""jQuery Migrate""]",36539539,valid,12/4/2023,f86c4840bd00441bbbb358cf2392528a,N/A,N/A,97%,Accident and Health Insurance,N/A,https://linkedin.com/company/xchange-benefits-llc,https://twitter.com/xchangebenefits,N/A,https://youtube.com/channel/uco6d8rtkbcby92le7q8wefa
Neil Crosby,Neil,Crosby,Director of Sales,neilc@warnerpacific.com,Warner Pacific,warnerpacific.com,N/A,N/A,Westlake Village,CA,N/A,125,6411000000,6411,"[""Bootstrap"",""Font Awesome"",""Google Analytics"",""Google Font API"",""IIS"",""Kentico CMS"",""Marketo"",""Microsoft ASP.NET"",""jQuery""]",43060551,catchall,N/A,fc2fa01f5dc89ec7811b135aad6b25ee,N/A,N/A,85%,Insurance Agents: Brokers: and Service,N/A,N/A,N/A,N/A,N/A
Peter Mcguire,Peter,Mcguire,President &amp CEO,pmcguire@xbllc.com,Xchange Group,xbllc.com,+19144377359,"7550 S. Meridian Street, Suite B, Indianapolis, IN 46217",White Plains,NY,"=""46217""",5,6321000000,6321,"[""Apache"",""Google Font API"",""Java"",""PHP"",""Revslider"",""Twitter Emoji (Twemoji)"",""WordPress"",""Yoast SEO"",""jQuery"",""jQuery Migrate""]",36539540,valid,9/14/2023,e536225bd84b3faac4150f0bfb9c5ded,N/A,N/A,97%,Accident and Health Insurance,N/A,https://linkedin.com/company/xchange-benefits-llc,https://twitter.com/xchangebenefits,N/A,https://youtube.com/channel/uco6d8rtkbcby92le7q8wefa
Patrick White,Patrick,White,"Director, Institutional Sales",pwhite@ullico.com,Ullico,ullico.com,+12026826920,office when he was,Washington,DC,N/A,350,6311000000,6311,"[""Bootstrap"",""Font Awesome"",""Google Tag Manager"",""MailChimp"",""Moment.js"",""jQuery"",""reCAPTCHA""]",44869862,catchall,N/A,02a2c4c2a9b1a0ec4620b947e57e0424,N/A,N/A,85%,Life Insurance,https://facebook.com/ullicoinc,https://linkedin.com/company/ullico,https://twitter.com/ullicoinc,N/A,https://youtube.com/user/ullico
Ray Eckert,Ray,Eckert,Senior Vice President and Chief Sales and Marketing Officer,reckert@wiltonre.com,Wilton Re Home About Us Corporate,wiltonre.com,+18664068213,"20 Glover Avenue 4th Floor Norwalk, CT 06850",Wilton,CT,"=""06850""",125,6321000000,6321,"[""Google Analytics"",""Google Font API"",""Google Tag Manager"",""Lightbox"",""Nginx"",""Twitter Emoji (Twemoji)"",""WP Engine"",""WordPress"",""Yoast SEO"",""jQuery"",""jQuery Migrate""]",43652678,valid,8/18/2023,1dc742c7426c43f88a986cb17b79f790,N/A,N/A,97%,Accident and Health Insurance,N/A,https://linkedin.com/company/wilton-re,N/A,N/A,N/A
Rich Merritt,Rich,Merritt,Director of Operations,rmerritt@audubon.org,Audubon,audubon.org,+12129793196,"225 Varick St New York, NY 10014",Baton Rouge,LA,"=""10014""",300,81300000000,6331,"[""Drupal"",""Google Font API"",""Google Tag Manager"",""New Relic"",""Nginx"",""Pantheon"",""Varnish"",""ZURB Foundation"",""jQuery"",""jQuery UI""]",44746872,catchall,N/A,78e4b6aa0a03214e7faf3509e99ef8f0,N/A,N/A,85%,Fire: Marine: and Casualty Insurance,https://facebook.com/nationalaudubonsociety,N/A,https://twitter.com/audubonsociety,https://instagram.com/audubonsociety,N/A
"Stan Young, Sr",Stan,Sr,Sales & Marketing Director--n. Ms/w. Tn/ar,syoung@bondedbuilders.com,Bonded Builders Warranty Group,bondedbuilders.com,+18009529278,"St. Petersburg, FL 33733-8025",unknown city,unknown state,"=""33733-8025""",350,6351000000,6351,"[""Azure"",""FlexSlider"",""Font Awesome"",""Google Font API"",""IIS"",""PHP"",""WordPress"",""jQuery"",""jQuery Migrate"",""prettyPhoto""]",37658258,valid,10/31/2024,3cde458d31c1f5b298558e886cea7325,N/A,N/A,97%,Surety Insurance,https://facebook.com/bondedbuilders,https://linkedin.com/company/bonded-builders-warranty-group,https://twitter.com/bondedbuilders,N/A,N/A
