Email,Email status,First name,Last name,Full name,User social,LinkedIn,Job position,Country,Location,Industry,Add date,Company name,Company URL,Company social,Company size,Company's country,Company location,State,City,Company industry,HQ phone,Phone
tjones@questpro.com,valid,Taylor,Jones,Taylor Jones,https://www.linkedin.com/in/taylorteague,https://www.linkedin.com/in/taylorteague,"Vice President, Business Development",United States,Dallas-Fort Worth Metroplex,Insurance,2025-10-17 10:27:13,Questpro,http://www.questpro.com/,https://www.linkedin.com/company/60672,11-50,United States,"Dallas, Texas, United States",Texas,Dallas,Insurance,9729601305,
bbeckman@questpro.com,valid,Bri,Beckman,Bri Beckman,https://www.linkedin.com/in/bri-beckman-715590164,https://www.linkedin.com/in/bri-beckman-715590164,Inside Sales Representative,,"Fort Worth, Texas, United States",Insurance,2025-10-17 10:27:13,Questpro,http://www.questpro.com/,https://www.linkedin.com/company/60672,11-50,United States,"Dallas, Texas, United States",Texas,Dallas,Insurance,9729601305,
parag.shah@safely.com,valid,Parag,Shah,Parag Shah,https://www.linkedin.com/in/parag-shah-3b921034,https://www.linkedin.com/in/parag-shah-3b921034/,Vice President of Finance,United States,"Trumbull, Connecticut, United States",Financial Services,2025-10-17 10:27:13,Safely,https://safely.com,https://www.linkedin.com/company/1254648,11-50,United States,"Atlanta, Georgia, United States",Georgia,Atlanta,Insurance,+18557233598,
lindseyl@urlinsgroup.com,valid,Lindsey,Litten,Lindsey Litten,https://www.linkedin.com/in/lindseylitten,https://www.linkedin.com/in/lindseylitten,Licensed Sales Agent,,"York, Pennsylvania",Financial Services,2025-10-17 10:27:13,URL Insurance Group,https://www.urlinsgroup.com,https://www.linkedin.com/company/679511,11-50,United States,"Harrisburg, Pennsylvania, United States",PA,Harrisburg,Insurance,7175405690,
lcovington@sovinsurance.com,valid,Lee,Covington,Lee Covington,https://www.linkedin.com/in/lee-covington-4a1873267,https://www.linkedin.com/in/lee-covington-4a1873267,Sales Representative,,"Lafayette, Louisiana, United States",Insurance,2025-10-17 10:27:13,Sovereign Insurance Group,http://www.sovinsurance.com,https://www.linkedin.com/company/3215718,11-50,United States,"Berwyn, Pennsylvania, United States",Pennsylvania,Berwyn,Insurance,,
jmetrick@sovinsurance.com,valid,Jessica,Metrick,Jessica Metrick,https://www.linkedin.com/in/jessica-metrick-55947857,https://www.linkedin.com/in/jessica-metrick-55947857,Sales Development Representative,United States,"Hazleton, Pennsylvania, United States",Marketing Services,2025-10-17 10:27:13,Sovereign Insurance Group,http://www.sovinsurance.com,https://www.linkedin.com/company/3215718,11-50,United States,"Berwyn, Pennsylvania, United States",Pennsylvania,Berwyn,Insurance,,
bcarragher@thompsonflanagan.com,valid,Brian,Carragher,Brian Carragher,https://www.linkedin.com/in/brian-carragher-8380a135,https://www.linkedin.com/in/brian-carragher-8380a135/,President,,Greater Chicago Area,Insurance,2025-10-17 10:27:13,Thompson Flanagan,http://www.thompsonflanagan.com,https://www.linkedin.com/company/1374891,11-50,United States,"Chicago, IL, United States",IL,Chicago,Insurance,,
jallen@DeltaDental.com,valid,Jean,Allen,Jean Allen,https://www.linkedin.com/in/jean-allen-b723a558,https://www.linkedin.com/in/jean-allen-b723a558,Private Exchange Senior Sales Coordinator,,Greater Chicago Area,Insurance,2025-10-17 10:27:13,Delta Dental Plans Association,http://www.deltadental.com,https://www.linkedin.com/company/3258382,11-50,United States,"Chicago, Illinois, United States",Illinois,Chicago,Insurance,,
jlally@lhdbenefits.com,valid,Jasmeen,Lally,Jasmeen Lally,https://www.linkedin.com/in/jasmeenlally,https://www.linkedin.com/in/jasmeenlally,Financial Analyst,,Greater Indianapolis,Management Consulting,2025-10-17 10:27:13,LHD Benefit Advisors,http://www.lhdbenefits.com,https://www.linkedin.com/company/1373130,11-50,United States,"Indianapolis, IN, United States",IN,Indianapolis,Insurance,3177517049,
laura@markiiieb.com,valid,Laura,McNulty,Laura McNulty,https://www.linkedin.com/in/laura-f-mcnulty,https://www.linkedin.com/in/laura-f-mcnulty,"Head of Operations, Georgia",United States,"Roswell, Georgia, United States",Insurance,2025-10-17 10:27:13,Mark III Employee Benefits,http://www.markiiieb.com,https://www.linkedin.com/company/1401352,11-50,United States,"Charlotte, North Carolina, United States",North Carolina,Charlotte,Insurance,7043654280,
matthew@markiiieb.com,valid,Matthew,Susin,Matthew Susin,https://www.linkedin.com/in/matthew-susin,https://www.linkedin.com/in/matthew-susin,Director Florida Operations,,"Melbourne, Florida, United States",Insurance,2025-10-17 10:27:13,Mark III Employee Benefits,http://www.markiiieb.com,https://www.linkedin.com/company/1401352,11-50,United States,"Charlotte, North Carolina, United States",North Carolina,Charlotte,Insurance,7043654280,
jmaxey@insurmark.net,valid,Jeff,Maxey,Jeff Maxey,https://www.linkedin.com/in/jeff-maxey,https://www.linkedin.com/in/jeff-maxey/,President,United States,"Texas, United States",Financial Services,2025-10-17 10:27:13,InsurMark,https://www.insurmark.net,https://www.linkedin.com/company/1248114,11-50,United States,"Houston, Texas, United States",Texas,Houston,Insurance,8007520207,
trevor@neptuneflood.com,valid,Trevor,Burgess,Trevor Burgess,https://www.linkedin.com/in/trevorburgess94,https://www.linkedin.com/in/trevorburgess94,Chief Executive Officer,United States,"St. Petersburg, Florida, United States",Insurance,2025-10-17 10:27:13,Neptune Flood Insurance,http://neptuneflood.com,https://www.linkedin.com/company/12956923,11-50,United States,"St. Petersburg, Florida, United States",Florida,St Petersburg,Insurance,,
kendallb@3mark.com,valid,Kendall,Bowlin,Kendall Bowlin,https://www.linkedin.com/in/kendall-bowlin-70a60710,https://www.linkedin.com/in/kendall-bowlin-70a60710,OWNER,,"La Habra, California, United States",Insurance,2025-10-17 10:27:13,3MARK FINANCIAL,https://3mark.com,https://www.linkedin.com/company/110824,11-50,United States,"Sugar Land, Texas, United States",Texas,Sugar Land,Insurance,8885336275,
scott.meyers@3mark.com,valid,Scott,Meyers,Scott Meyers,https://www.linkedin.com/in/scmeyers,https://www.linkedin.com/in/scmeyers,Sales Director,United States,"Sugar Land, Texas, United States",Insurance,2025-10-17 10:27:13,3 Mark Financial,https://3mark.com,https://www.linkedin.com/company/110824,11-50,United States,"Sugar Land, Texas, United States",Texas,Sugar Land,Insurance,8885336275,
sal@fnainsurance.com,valid,Sal,Sallusto,Sal Sallusto,https://www.linkedin.com/in/sal-sallusto-73a0a170,https://www.linkedin.com/in/sal-sallusto-73a0a170,Vice President Sales,United States,"New Hyde Park, New York, United States",Insurance,2025-10-17 10:27:13,First National Administrators,http://www.fnainsurance.com,https://www.linkedin.com/company/2308426,11-50,United States,"Melville, New York, United States",New York,Melville,Insurance,,
jhutchison@DeltaDental.com,valid,James W.,Hutchison,James W. Hutchison,https://www.linkedin.com/in/jameswellshutchison,https://www.linkedin.com/in/jameswellshutchison,President & CEO,United States,"Greater Chicago Area, United States",Insurance,2025-10-17 10:27:13,Delta Dental Plans Association,http://www.deltadental.com,https://www.linkedin.com/company/3258382,11-50,United States,"Chicago, Illinois, United States",Illinois,Chicago,Insurance,,
twiechers@assurexglobal.com,valid,Timothy,Wiechers,Timothy Wiechers,https://www.linkedin.com/in/timothy-wiechers-0b76111a,https://www.linkedin.com/in/timothy-wiechers-0b76111a/,"Executive Vice President, Chief Operations Officer",United States,"Dublin, Ohio, United States",Insurance,2025-10-17 10:27:13,Assurex Global,http://www.assurexglobal.com,https://www.linkedin.com/company/601822,11-50,United States,"Columbus, Ohio, United States",Ohio,Columbus,Insurance,,
dgreen@benefitcompany.com,valid,Debbie,Green,Debbie Green,https://www.linkedin.com/in/debbie-green-485b9714b,https://www.linkedin.com/in/debbie-green-485b9714b,Director Of Client Services,,"Atlanta, Georgia, United States",Insurance,2025-10-17 10:27:13,The Benefit Company,http://www.benefitcompany.com,https://www.linkedin.com/company/107746,11-50,United States,"Atlanta, Georgia, United States",Georgia,Atlanta,Insurance,,
pnichols@benefitcompany.com,valid,Paul,Nichols,Paul Nichols,https://www.linkedin.com/in/paulcnichols11,https://www.linkedin.com/in/paulcnichols11,Advisor,,"Atlanta, Georgia, United States",Professional Training & Coaching,2025-10-17 10:27:13,The Benefit Company,http://www.benefitcompany.com,https://www.linkedin.com/company/107746,11-50,United States,"Atlanta, Georgia, United States",Georgia,Atlanta,Insurance,,
baina@benefitcompany.com,valid,Briana,Aina,Briana Aina,https://www.linkedin.com/in/briana-aina-699249141,https://www.linkedin.com/in/briana-aina-699249141,Employee Advocate,United States,"Atlanta, Georgia, United States",Insurance,2025-10-17 10:27:13,The Benefit Company,http://www.benefitcompany.com,https://www.linkedin.com/company/107746,11-50,United States,"Atlanta, Georgia, United States",Georgia,Atlanta,Insurance,,
KReilly@benefitcompany.com,valid,Kat,Reilly,Kat Reilly,https://www.linkedin.com/in/reillykat,https://www.linkedin.com/in/reillykat,Director of Underwriting,,"Atlanta, Georgia, United States",Insurance,2025-10-17 10:27:13,The Benefit Company,http://www.benefitcompany.com,https://www.linkedin.com/company/107746,11-50,United States,"Atlanta, Georgia, United States",Georgia,Atlanta,Insurance,,
mgodwin@benefitcompany.com,valid,Michael,Godwin- Employee Benefits Advisor,Michael Godwin- Employee Benefits Advisor,https://www.linkedin.com/in/michaelhgodwin,https://www.linkedin.com/in/michaelhgodwin,Employee Benefits Advisor,,"Atlanta, Georgia, United States",Financial Services,2025-10-17 10:27:13,The Benefit Company,http://www.benefitcompany.com,https://www.linkedin.com/company/107746,11-50,United States,"Atlanta, Georgia, United States",Georgia,Atlanta,Insurance,,
dgannon@acrisure.com,valid,Derek,Gannon,Derek Gannon,https://www.linkedin.com/in/derek-gannon,https://www.linkedin.com/in/derek-gannon,Acrisure Trade Credit - Practice Leader,United States,Greater Philadelphia,Insurance,2025-10-17 10:27:13,Acrisure,http://acrisure.com/southwest,https://www.linkedin.com/company/699160,11-50,United States,"Canoga Park, CA, United States",CA,Canoga Park,Insurance,8187040700,
Johnathon.Bunch@3mark.com,valid,Johnathon,Bunch,Johnathon Bunch,https://www.linkedin.com/in/johnathon-bunch-6013362b,https://www.linkedin.com/in/johnathon-bunch-6013362b,Sales Director,United States,Greater Houston,Insurance,2025-10-17 10:27:13,3 Mark Financial,https://3mark.com,https://www.linkedin.com/company/110824,11-50,United States,"Sugar Land, Texas, United States",Texas,Sugar Land,Insurance,8885336275,
stephen.ehlers@3mark.com,valid,Stephen,Ehlers,Stephen Ehlers,https://www.linkedin.com/in/stephen-ehlers-90170452,https://www.linkedin.com/in/stephen-ehlers-90170452,Sales Director,,"Sugar Land, Texas, United States",Insurance,2025-10-17 10:27:13,3 Mark Financial,https://3mark.com,https://www.linkedin.com/company/110824,11-50,United States,"Sugar Land, Texas, United States",Texas,Sugar Land,Insurance,8885336275,
jim@neptuneflood.com,valid,Jim,Albert,Jim Albert,"https://www.linkedin.com/in/jimalbert, http://www.adecco.co.uk",https://www.linkedin.com/in/jimalbert/,Chairman and Co-Founder,United States,"St. Petersburg, Florida, United States",Information Technology & Services,2025-10-17 10:27:13,Neptune Flood Insurance,http://neptuneflood.com,https://www.linkedin.com/company/12956923,11-50,United States,"St. Petersburg, Florida, United States",Florida,St Petersburg,Insurance,,
Carolyn.Rawlins@3mark.com,valid,Carolyn,Rawlins,Carolyn Rawlins,https://www.linkedin.com/in/carolyn-rawlins-4b58822a,https://www.linkedin.com/in/carolyn-rawlins-4b58822a,Underwriter,,"Sugar Land, Texas, United States",Insurance,2025-10-17 10:27:13,3 Mark Financial,https://3mark.com,https://www.linkedin.com/company/110824,11-50,United States,"Sugar Land, Texas, United States",Texas,Sugar Land,Insurance,8885336275,
David.Royse@3mark.com,valid,David,Royse,David Royse,https://www.linkedin.com/in/davidroyse,https://www.linkedin.com/in/davidroyse,Vice President of Underwriting,United States,"Cypress, Texas, United States",Insurance,2025-10-17 10:27:13,3Mark Financial,https://3mark.com,https://www.linkedin.com/company/110824,11-50,United States,"Sugar Land, Texas, United States",Texas,Sugar Land,Insurance,8885336275,
darrell.wolfe@3mark.com,valid,Darrell,Wolfe,Darrell Wolfe,https://www.linkedin.com/in/darrell-wolfe-1679647a,https://www.linkedin.com/in/darrell-wolfe-1679647a,Vice President of Sales,United States,"Houston, Texas, United States",Financial Services,2025-10-17 10:27:13,3Mark Financial,,,,,,,,,,
darlene.hardzog@3mark.com,valid,Darlene,Hardzog,Darlene Hardzog,https://www.linkedin.com/in/darlenehardzog,https://www.linkedin.com/in/darlenehardzog,Office Manager,United States,Greater Houston,Consumer Services,2025-10-17 10:27:13,3 Mark Financial,https://3mark.com,https://www.linkedin.com/company/110824,11-50,United States,"Sugar Land, Texas, United States",Texas,Sugar Land,Insurance,8885336275,
sandra.hernandez@3mark.com,valid,Sandra,Hernandez,Sandra Hernandez,https://www.linkedin.com/in/sandra-hernandez-307b22155,https://www.linkedin.com/in/sandra-hernandez-307b22155,Director of New Business,United States,"Richmond, Texas, United States",Insurance,2025-10-17 10:27:13,3 Mark Financial,https://3mark.com,https://www.linkedin.com/company/110824,11-50,United States,"Sugar Land, Texas, United States",Texas,Sugar Land,Insurance,8885336275,
bknight@acrisure.com,valid,Barry,Knight,Barry Knight,https://www.linkedin.com/in/barry-knight-520179104,https://www.linkedin.com/in/barry-knight-520179104/,Service Desk Technician,United Kingdom,"London, England, United Kingdom",Information Technology & Services,2025-10-17 10:27:13,Acrisure,http://acrisure.com/southwest,https://www.linkedin.com/company/699160,11-50,United States,"Canoga Park, CA, United States",CA,Canoga Park,Insurance,8187040700,
hphilyaw@orsiu.com,valid,Heidi,Philyaw,Heidi Philyaw,https://www.linkedin.com/in/heidi-philyaw-48122149,https://www.linkedin.com/in/heidi-philyaw-48122149,Vice President Operations,United States,"Pisgah Forest, North Carolina, United States",Insurance,2025-10-17 10:27:13,Old Republic Specialty Insurance Underwriters,http://www.orsiu.com,https://www.linkedin.com/company/10561208,11-50,United States,"Lower Makefield Township, PA, United States",PA,Lower Makefield Township,Insurance,,
beth.mcmahon@ciab.com,valid,Beth,McMahon,Beth McMahon,https://www.linkedin.com/in/beth-mcmahon-931aa16,https://www.linkedin.com/in/beth-mcmahon-931aa16,Vice President People & Culture,United States,Washington DC-Baltimore Area,Insurance Agencies and Brokerages,2025-10-17 10:27:13,The Council of Insurance Agents & Brokers,http://www.ciab.com,https://www.linkedin.com/company/95605,11-50,United States,"Washington, District of Columbia, United States",DC,Washington,Insurance,,
manoj@neptuneflood.com,valid,Manoj,Singh,Manoj Singh,https://www.linkedin.com/in/manoj-singh-b1975121,https://www.linkedin.com/in/manoj-singh-b1975121/,CTO,India,"Noida, Uttar Pradesh, India",Consumer Electronics,2025-10-17 10:27:13,Neptune Flood Insurance,http://neptuneflood.com,https://www.linkedin.com/company/12956923,11-50,United States,"St. Petersburg, Florida, United States",Florida,St Petersburg,Insurance,,
zhowe@lhdbenefits.com,valid,Zach,Howe,Zach Howe,https://www.linkedin.com/in/zach-howe-6981aa151,https://www.linkedin.com/in/zach-howe-6981aa151,Digital Marketing Specialist,,"Indianapolis, Indiana, United States",Marketing & Advertising,2025-10-17 10:27:13,LHD Benefit Advisors,http://www.lhdbenefits.com,https://www.linkedin.com/company/1373130,11-50,United States,"Indianapolis, IN, United States",IN,Indianapolis,Insurance,3177517049,
cadkins@acrisure.com,valid,Chuck,Adkins,Chuck Adkins,https://www.linkedin.com/in/adkins-ciso,https://www.linkedin.com/in/adkins-ciso,Strategic Advisor,United States,"Atlanta, Georgia, United States",Financial Services,2025-10-17 10:27:13,Acrisure,http://acrisure.com/southwest,https://www.linkedin.com/company/699160,11-50,United States,"Canoga Park, CA, United States",CA,Canoga Park,Insurance,8187040700,
cstalter@thompsonflanagan.com,valid,Casey,"Stalter, RPLU","Casey Stalter, RPLU",https://www.linkedin.com/in/casey-stalter-rplu-cplp-386a8b5,https://www.linkedin.com/in/casey-stalter-rplu-cplp-386a8b5,President - Lawyers Professional Liability,United States,Greater Chicago Area,Insurance,2025-10-17 10:27:13,Thompson Flanagan,http://www.thompsonflanagan.com,https://www.linkedin.com/company/1374891,11-50,United States,"Chicago, IL, United States",IL,Chicago,Insurance,,
sean@brinsonbenefits.com,valid,Sean,G.,Sean G.,https://www.linkedin.com/in/sean-glazier,https://www.linkedin.com/in/sean-glazier,Vice President,,"Dallas, Texas, United States",Insurance,2025-10-17 10:27:13,"Brinson Benefits, Inc.",http://www.brinsonbenefits.com,https://www.linkedin.com/company/2431080,11-50,United States,"Dallas, TX, United States",TX,Dallas,Insurance,,
clewis@acrisure.com,valid,Kevin,"Lewis, CBC","Kevin Lewis, CBC",https://www.linkedin.com/in/itskevinlewis,https://www.linkedin.com/in/itskevinlewis,Principle / Adviser,United States,Dallas-Fort Worth Metroplex,Insurance,2025-10-17 10:27:13,Acrisure,http://acrisure.com/southwest,https://www.linkedin.com/company/699160,11-50,United States,"Canoga Park, CA, United States",CA,Canoga Park,Insurance,8187040700,
afortier@acrisure.com,valid,Alis,"Fortier, CISR","Alis Fortier, CISR",https://www.linkedin.com/in/alismaynard,https://www.linkedin.com/in/alismaynard,Account Manager,United States,"Laguna Hills, California, United States",Insurance,2025-10-17 10:27:13,Acrisure,http://acrisure.com/southwest,https://www.linkedin.com/company/699160,11-50,United States,"Canoga Park, CA, United States",CA,Canoga Park,Insurance,8187040700,
vwilliams@acrisure.com,valid,Victoria,Williams,Victoria Williams,https://www.linkedin.com/in/victoria-williams-45583b106,https://www.linkedin.com/in/victoria-williams-45583b106,Account Manager,,Greater Chicago Area,Insurance,2025-10-17 10:27:13,Acrisure,http://acrisure.com/southwest,https://www.linkedin.com/company/699160,11-50,United States,"Canoga Park, CA, United States",CA,Canoga Park,Insurance,8187040700,
amy.mwaura@brinsonbenefits.com,valid,Amy,Mwaura,Amy Mwaura,https://www.linkedin.com/in/amy-mwaura-9941438a,https://www.linkedin.com/in/amy-mwaura-9941438a,Account Manager,,"Fort Worth, Texas, United States",Insurance,2025-10-17 10:27:13,"Brinson Benefits, Inc.",http://www.brinsonbenefits.com,https://www.linkedin.com/company/2431080,11-50,United States,"Dallas, TX, United States",TX,Dallas,Insurance,,
kjustice@acrisure.com,valid,Kathryn,Justice,Kathryn Justice,https://www.linkedin.com/in/kathryn-justice-42bbb176,https://www.linkedin.com/in/kathryn-justice-42bbb176,Account Manager,United States,"Elkins Park, Pennsylvania, United States",Insurance,2025-10-17 10:27:13,Acrisure,http://acrisure.com/southwest,https://www.linkedin.com/company/699160,11-50,United States,"Canoga Park, CA, United States",CA,Canoga Park,Insurance,8187040700,
jhowe@acrisure.com,valid,Jenny,Howe,Jenny Howe,https://www.linkedin.com/in/jenny-howe-6b385340,https://www.linkedin.com/in/jenny-howe-6b385340,Account Executive,United States,"Maumee, Ohio, United States",Insurance,2025-10-17 10:27:13,Acrisure,http://acrisure.com/southwest,https://www.linkedin.com/company/699160,11-50,United States,"Canoga Park, CA, United States",CA,Canoga Park,Insurance,8187040700,
mcermak@thompsonflanagan.com,valid,Michael,Cermak,Michael Cermak,https://www.linkedin.com/in/michael-cermak-51762452,https://www.linkedin.com/in/michael-cermak-51762452,Vice President,,Greater Chicago Area,Insurance,2025-10-17 10:27:13,Thompson Flanagan,http://www.thompsonflanagan.com,https://www.linkedin.com/company/1374891,11-50,United States,"Chicago, IL, United States",IL,Chicago,Insurance,,
mcermak@thompsonflanagan.com,valid,Michael,Cermak,Michael Cermak,https://www.linkedin.com/in/michael-cermak-51762452,https://www.linkedin.com/in/michael-cermak-51762452,Account Manager,,Greater Chicago Area,Insurance,2025-10-17 10:27:13,Thompson Flanagan,http://www.thompsonflanagan.com,https://www.linkedin.com/company/1374891,11-50,United States,"Chicago, IL, United States",IL,Chicago,Insurance,,
kevin.fitzpatrick@baldwin.com,valid,Kevin,FitzPatrick,Kevin FitzPatrick,https://www.linkedin.com/in/kevin-fitzpatrick-bb32b08b,https://www.linkedin.com/in/kevin-fitzpatrick-bb32b08b/,Partner & Sr. Director of Business Development,United States,"Bethesda, Maryland, United States",Insurance,2025-10-17 10:27:13,The Baldwin Group,http://www.baldwin.com,https://www.linkedin.com/company/16172691,1001-5000,United States,"Tampa, Florida, United States",Florida,Tampa,Insurance,,
kevin.fitzpatrick@baldwin.com,valid,Kevin,FitzPatrick,Kevin FitzPatrick,https://www.linkedin.com/in/kevin-fitzpatrick-bb32b08b,https://www.linkedin.com/in/kevin-fitzpatrick-bb32b08b/,Partner,United States,"Bethesda, Maryland, United States",Insurance,2025-10-17 10:27:13,The Capital Group,https://baldwin.com/about-us/the-capital-group/,https://www.linkedin.com/company/1056051,11-50,United States,"Bethesda, Maryland, United States",MD,Bethesda,Insurance,3012147666,
mcarter@capgroupfinancial.com,valid,Michelle,Carter,Michelle Carter,https://www.linkedin.com/in/michelle-carter-3a17368,https://www.linkedin.com/in/michelle-carter-3a17368,Account Manager,United States,"Columbia, Maryland, United States",Insurance,2025-10-16 16:07:31,The Capital Group,https://baldwin.com/about-us/the-capital-group/,https://www.linkedin.com/company/1056051,11-50,United States,"Bethesda, Maryland, United States",MD,Bethesda,Insurance,3012147666,
